DDAL00-01;II/III/IV;4h;Window to the Past
DDAL00-02a;I;2h;The Darkwood Webs
DDAL00-02b;I;2h;The Weirding Vats
DDAL00-02c;II;2h;Spawn of the Maimed Virulance
DDAL00-02d;II;2h;Echos of the Weeping War
DDAL00-02e;III;2h;Forgotten Foes
DDAL00-02f;IV;2h;The Definition of Heroism
DDAL00-03;III/IV;4h;Those That Came Before
DDAL00-04;I;2h;Winter’s Flame
DDAL00-05;I;2h;Winter’s Splendor
DDAL00-06;II;8h;Lost Laboratory of Kwalish
DDAL00-07;I/II;4h;The Embers of Hate
DDAL00-08;I/II;4h;Layers Upon Layers
DDAL00-09;II;2h;Minsc&Boo
DDIA-VOLO;I;4-8h;In Volo’s Wake
DDIA-XGE;I;4h;Underworld Speculation
DDEX1-1;I;5x1h;Defiance in Phlan
DDEX1-2;I;4h;Secrets of Sokol Keep
DDEX1-3;I;4h;Shadows Over the Moonsea
DDEX1-4;I;4h;Dues for the Dead
DDEX1-5;I;4h;The Courting of Fire
DDEX1-6;I;4h;The Scroll Thief
DDEX1-7;I;4h;Drums in the Marsh
DDEX1-8;I;4h;Tales Trees Tell
DDEX1-9;I;4h;Outlaws of the Iron Route
DDEX1-10;II;4h;Tyranny in Phlan
DDEX1-11;II;8 h;Dark Pyramid of Sorcerers Isle
DDEX1-12;II;4h;Raiders of the Twilight Marsh
DDEX1-13;II;4h;Pool of Radiance Resurgent
DDEX1-14;II;4h;Escape from Phlan
DDEX2-1;I;5x1h;City of Danger
DDEX2-2;I;4h;Embers of Elmwood
DDEX2-3;II;4h;The Drowned Tower
DDEX2-4;II;4h;Mayhem in the Earthspur Mines
DDEX2-5;I;4h;Flames of Kythorn
DDEX2-6;I;4h;Breath of the Yellow Rose
DDEX2-7;I;4h;Bounty in the Bog
DDEX2-8;I;4h;Foulness Beneath Mulmaster
DDEX2-9;II;8 h;Eye of the Tempest
DDEX2-10;I;4h;Cloaks and Shadows
DDEX2-11;I;2h;Oubliette of Fort Iron
DDEX2-12;I;2h;Dark Rites at Fort Dalton
DDEX2-13;II;4h;The Howling Void
DDEX2-14;II;4h;The Sword of Selfaril
DDEX2-15;II;4h;Black Heart of Vengeance
DDEX2-16;I;4h;Boltsmelter’s Book
DDE3-1;I;5x1h;Harried in Hillsfar
DDEX3-2;I;4h;Shackles of Blood
DDEX3-3;II;4h;The Occupation of Szith Morcane
DDEX3-4;III;8 h;It’s All in the Blood
DDEX3-5;I;2h;Bane of the Tradeways
DDEX3-6;I;2h;No Foolish Matter
DDEX3-7;II;4h;Herald of the Moon
DDEX3-8;II;4h;The Malady of Elventree
DDEX3-9;II;4h;The Waydown
DDEX3-10;I;4h;Quelling the Horde
DDEX3-11;II;2h;The Quest for Sporedome
DDEX3-12;I;2h;Hillsfar Reclaimed
DDEX3-13;II;2h;Writhing in the Dark
DDEX3-14;I;2h;Death on the Wall
DDEX3-15;II;4h;Szith Morcane Unbound
DDEX3-16;III;8 h;Assault on Maerimydra
DDAL04-1;I;5x1h;Suits of the Mists
DDAL04-2;I;2h;The Beast
DDAL04-3;I;2h;The Executioner
DDAL04-4;I;4h;The Marionette
DDAL04-5;I;2h;The Seer
DDAL04-6;I;4h;The Ghost
DDAL04-7;II;4h;The Innocent
DDAL04-8;II;2h;The Broken One
DDAL04-9;II;2h;The Tempter
DDAL04-10;II;4h;The Artifact
DDAL04-11;II;4h;The Donjon
DDAL04-12;II;2h;The Raven
DDAL04-13;II;2h;The Horseman
DDAL04-14;II;4h;The Dark Lord
DDAL05-1;I;5x1h;Treasures of the Broken Hoard
DDAL05-2;I;2h;The Black Road
DDAL05-3;I;2h;Uninvited Guests
DDAL05-4;II;2h;In Dire Need
DDAL05-5;II;2h;A Dish Best Served Cold
DDAL05-6;I;2h;Beneath the Fetid Chelimber
DDAL05-7;I;2h;Chelimber’s Descent
DDAL05-8;III;4h;Durlag’s Tower
DDAL05-9;III;4h;Durlag’s Tomb
DDAL05-10;I;2h;Giant Diplomacy
DDAL05-11;II;4h;Forgotten Traditions
DDAL05-12;I;2h;Bad Business in Parnast
DDAL05-13;II;4h;Jarl Rising
DDAL05-14;III;4h;Reeducation
DDAL05-15;III;4h;Reclamation
DDAL05-16;I;4h;Parnast Under Siege
DDAL05-17;II;4h;Hartkiller’s Horn
DDAL05-18;IV;4h;The Mysterious Isle
DDAL05-19;IV;4h;The Eye of Xxiphu
DDAL06-01;I;2h;A Thousand Tiny Deaths
DDAL06-02;II;2h;The Redemption of Kelvan
DDAL06-03;IV;2h;Crypt of the Death Giants
DDAL07-01;I;5x1h;A City on the Edge
DDAL07-02;II;5x1h;Over the Edge
DDAL07-03;I;2h;A Day at the Races
DDAL07-04;I;2h;A Walk in the Park
DDAL07-05;I;2h;Whispers in the Dark
DDAL07-06;II;2h;Fester and Burn
DDAL07-07;II;2h;Rotting Roots
DDAL07-08;II;2h;Putting the Dead to Rest
DDAL07-09;III;4h;Unusual Opposition
DDAL07-10;III;4h;Fire, Ash, and Ruin
DDAL07-11;III;4h;A Lesson in Love
DDAL07-12;III;4h;In Search of Secrets
DDAL07-13;III;4h;Old Bones and Older Tomes
DDAL07-14;III;4h;The Fathomless Depths of Ill Intent
DDAL07-15;IV;4h;Streams of Crimson
DDAL07-16;IV;4h;Pools of Cerulean
DDAL07-17;IV;4h;Cauldron of Sapphire
DDAL07-18;IV;4h;Turn Back the Endless Night
DDAL08-01;I;2-4h;The Map with No Names
DDAL08-02;I;2-4h;Beneath the City of the Dead
DDAL08-03;I;2-4h;Dock Ward Double Cross
DDAL08-04;I;2-4h;A Wrinkle in the Weave
DDAL08-05;I;2-4h;Hero of the Troll Wars
DDAL08-06;I;2-4h;Purging the Blood
DDAL08-07;II;2-4h;Into the Dark
DDAL08-08;II;2-4h;Crypt of the Dark Kiss
DDAL08-09;II;2-4h;Fangs and Frogs
DDAL08-10;II;2-4h;The Skull Square Murders
DDAL08-11;II;2-4h;Poisoned Words
DDAL08-12;II;2-4h;Xanathar’s Wrath
DDAL08-13;III;4-6h;The Vampire of Skullport
DDAL08-14;III;4-6h;Rescue from Vanrakdoom
DDAL08-15;III;4-6h;Forge of Fangs
DDAL08-16;IV;4-6h;A Change of Adress
DDAL08-17;IV;4-6h;The Tower of Ahghairon
DDAL08-18;IV;4-6h;Moving Day
DDAL09-01;I;4x 1h;Escape From Elturgard
DDAL09-02;I;2-4h;Stopped at the Gate
DDAL09-03;I;2-4h;Hungry Shadows
DDAL09-04;I;2-4h;The Day of the Devil
DDAL09-05;II;4-6h;Faces of Fortune
DDAL09-06;II;4-6h;Infernal Insurgency
DDAL09-07;II;4-6h;The Diabolical Dive
DDAL09-08;II;4-6h;In the Garden of Evil
DDAL09-09;II;4-6h;Ruined Prospects
DDAL09-10;II;4-6h;Tipping the Scales
DDAL09-11;II;4-6h;Losing Fai
DDAL09-12;III;4-6h;The Breath of Life
DDAL09-13;III;4-6h;The Swarmed Heart
DDAL09-14;III;4-6h;The Vast Emptiness of Grace
DDAL09-15;III;4-6h;Maddening Screams
DDAL09-16;III;4-6h;Honors Unforseen
DDAL09-17;III;4-6h;In the Hand
DDAL09-18;III;4-6h;Consequences of Choice
DDAL09-19;IV;4-6h;Fang and Claw
DDAL09-20;IV;4-6h;Where Devils Fear to Tread
DDAL10-00;I;4x 1h;Ice Road Trackers
DDAL10-01;I;4h;The Frozen North
DDAL10-02;I;4h;Gnashing Teeth
DDAL10-03;I;4h;Divining Evil
DDAL10-04;I;4h;Cold Benevolance
DDAL10-05;II;4h;A Blight in the Darkness
DDAL10-06;II;4h;The Fallen Star
DDAL10-07;II;4h;Into Darkness
DDAL10-08;II;4h;Volatile Thoughts
DDAL10-09;II;4h;Recipe for Retribution
DDAL10-10;III;4h;Burying the Past
DDAL-DRW01;II;4-6h;Breaking Umberlee’s Resolve
DDAL-DRW02;II;4-6h;Blood in the Water
DDAL-DRW03;III;4-6h;Saving Silverbeard
DDAL-DRW04;III;6h;Foreign Affairs
DDAL-DRW05;III;6h;Uncertain Scrutiny
DDAL-DRW06;III;6h;Thimblerigging
DDAL-DRW07;III;6h;Moment of Peace
DDAL-DRW08;IV;8 h;The Harrowing of Hell
DDAL-DRW09;II;4h;Vile Bounty
DDAL-DRW10;II;4h;Unsafe Harborage
DDAL-DRW11;II;4h;Shadows in the Stacks
DDAL-DRW12;II;4h;To Walk the Cold Dark
DDAL-DRW13;II;4h;Night Thieves
DDAL-DRW14;III;4h;The City That Should Not Be
DDAL-DRW15;III;4h;Frozen Whispers
DDAL-DRW16;III;4h;Uprising
CCC-3MAGS-01;I;7 h;Vormestrand’s Scroll
CCC-AETHER01-01;I;2-4h;The Heir of Orcus: Verse I
CCC-AETHER01-02;I;4h;The Heir of Orcus: Verse II
CCC-ALMOG-01;I;4h;TALES01-01 What Lies Beneath
CCC-ALMOG-03;III;4h;TALES03-01 Claws of Fury
CCC-AMER-01;I;4h;Asleep and Awake
CCC-AN-01;I;4h;Secrets of Golden Fire
CCC-AN-02;I;2h;The Wrathful Deity of Khurovogo
CCC-AN-03;I;4h;Winter Wonderland
CCC-APL-01-01;I;4h;It’s Not Easy Being Gene
CCC-ANIME1-1;I;2h;Legend of the Sword Bandit Surprise
CCC-ANIME1-2;II;2h;Let’s Find the Sword, GO!
CCC-ANIME1-3;II;2h;Star Sword Return
CCC-BLD-11;I;2h;Bleeding Gate: Pandemonium
CCC-BLD-12;I;2h;Bleeding Gate: Amalgamation
CCC-BLD-0103;II;4h;Bleeding Gate: Lineage
CCC-BMG-MOON1-1;I;1-2h;Moonshae Treasure Hunt
CCC-BMG-MOON2-1;I;2-4h;Defenders of Caer Moray
CCC-BMG-MOON2-2;I;2-4h;Army of the Unseen
CCC-BMG-MOON2-3;I;2-4h;The Eye in the Mist
CCC-BMG-01;I;4h;CORE1-1 A Scream in the Night
CCC-BMG-02;I;4h;CORE1-2 A Cog in the Wheel
CCC-BMG-03;I;4h;CORE1-3 A Hole in the World
CCC-BMG-04;I;4h;CORE2-1 Tales of Good & Evil
CCC-BMG-05;I;4h;CORE2-2 Songs of Law & Chaos
CCC-BMG-06;I;4h;CORE2-3 Edicts of Neutrality
CCC-BMG-07;II;4h;HULB1-1hulburg Rebuilding
CCC-BMG-08;II;4h;HULB1-2hulburg Burning
CCC-BMG-09;II;4h;HULB1-3 Hulburg Rising
CCC-BMG-HULB1S;II;4h;HULB1-S Extinction
CCC-BMG-10;II;4h;HILL1-1 Arrival
CCC-BMG-11;II;4h;HILL1-2 Exodus
CCC-BMG-12;II;4h;HILL1-3 Resurgence
CCC-BMG-HILL1S;II;4h;HILL1-S Onslaught
CCC-BMG-13;III;4h;PHLAN1-1 Sepulture
CCC-BMG-14;III;4h;PHLAN1-2 Enemy of my Enemy
CCC-BMG-15;III;4h;PHLAN1-3 Subterfuge
CCC-BMG-PHLAN1S;III;4h;PHLAN1-S Uprising
CCC-BMG-16;II;4h;ELM1-1 The Sage of Cormanthor
CCC-BMG-17;II;4h;ELM1-2 The Lost Sanctum
CCC-BMG-18;II;4h;ELM1-3 The Battle of Elmwood
CCC-BMG-19;II;4h;HULB2-1 Winter’s Frosty Kiss
CCC-BMG-20;II;4h;HULB2-2 Winter’s Frigid Wrath
CCC-BMG-21;II;4h;HULB2-3 Winter’s Sharp Bite
CCC-BMG-HULB2S;II;4h;HULB2-S Winter’s Feast
CCC-BMG-22;III;4h;PHLAN2-1 Demagogue
CCC-BMG-23;III;4h;PHLAN2-2hatemaster
CCC-BMG-24;III;4h;PHLAN2-3 The Royal We
CCC-BMG-PHLAN2S;III;4h;PHLAN2-S Damnation
CCC-BMG-25;I;4h;CORE3-1 The Spectral Incursion
CCC-BMG-26;I;4h;CORE3-2 The Ghostly Infestation
CCC-BMG-27;I;4h;CORE3-3 The Spirited Infestation
CCC-BMG-28;II;4h;HILL2-1 The Red Gathering
CCC-BMG-29;II;4h;HILL2-2 The Red Herring
CCC-BMG-30;II;4h;HILL2-3 The Red Death
CCC-BMG-31;I;4h;Phlan3-1 The Conventicle of Chaos
CCC-BMG-32;I;4h;Phlan3-2 The First Rule
CCC-BMG-33;I;4h;Phlan3-3 Spinning on the Edge
CCC-BMG-34;II;4h;ELM2-1 Tendrils in the Fog
CCC-BMG-35;II;4h;ELM2-2 Mists of the Moonsea
CCC-BMG-36;II;4h;ELM2-3 Vestiges of Darkness
CCC-BMG-37;III;4h;HULB 3-1 Weakness of Rock
CCC-BMG-38;III;4h;HULB 3-2 Dead Canaries
CCC-BMG-39;III;4h;HULB 3-3 Darkest Vein
CCC-BMG-40;III;4h;HULB 4-1 Whispers from the Deep
CCC-BMG-41;III;4h;HULB 4-2 Voices from the Deep
CCC-BMG-42;III;4h;HULB 4-3 Call of the Deep
CCC-BMG-43;II;4h;PHLAN 4-1 Ghoulies and Ghosties
CCC-BMG-44;II;4h;PHLAN 4-2 Long Leggity Beasties
CCC-BMG-45;II;4h;PHLAN 4-3 Things That Go Bump in the
CCC-BMG-46;II;4h;HILL 3-1 Shepherd the Weak
CCC-BMG-47;II;4h;HILL 3-2 Suffer the Children
CCC-BMG-48;II;4h;HILL 3-3 Spare the Rod
CCC-BWM-001;II;4h;Howling on the Moonsea
CCC-BWM-002;II;4h;The City in the Depths
CCC-BWM-003;III;4h;A Tale of Two Towers
CCC-BWM-06;I;5 h;Introduction to Adventuring
CCC-CIC-01;I;4h;The Vault of the Devourer
CCC-CIC-02;II;4h;The Clockwork Laboratory
CCC-CIC-03;II;4h;The Desolate Undercroft
CCC-CIC-04;II;4h;Best Friends Forever
CCC-CIC-05;II;4h;Donum Vitae
CCC-CIC-06;I;4h;End of the Line
CCC-CIC-07;II;4h;Pieces of You
CCC-CIC-08;I;4h;The Last Voyage of the Woolgathering Tidsoptimist
CCC-CIC-09;I;2-4h;Steamy Shores of Danger
CCC-CIC-10;II;4h;Terror at Soward Manor
CCC-CIC-11;II;4h;Death at Peril Island
CCC-CIC-12;II;4h;Redemption at Talos Sound
CCC-CNE-01;II;4h;The Treasure Beneath
CCC-CNE-02;II;4h;Before The Hatch
CCC-CNE-03;II;4h;Into The Depths
CCC-COTN-01-01;I;2h;By The Seashore: A Red War Tale
CCC-DDSC-01;I;4h;Murder at the Stop
CCC-DDSC-02;I;2h;A Fool and His Gold
CCC-DES01-02;II;4h;A Sanity Never Questioned
CCC-DRUID-01;II;4h;The Scourge Unseen
CCC-ELF-01;I;4h;Life's A Party
CCC-ELF-02;I;4h;An Adventuring Party Walks Into A Bar
CCC-ELO-01;I;4h;For the Kids!
CCC-FC3-01-02;II;4h;Tales of Estirwald: Corruption of theElderoak
CCC-FC3-03;III;4h;Tales of Estirwald: The Fun House
CCC-FXC-01;I;2h;Nothing Happens in Elmwood
CCC-GAD01-01;II;2-4h;Broken Blade
CCC-GAD01-02;II;2-4h;Red War: Black Phoenix
CCC-GARY-01;II;2h;A Night to Remember
CCC-GARY-02;II;2h;To Find a Way Out
CCC-GARY-03;II;2h;Oh, We’re In It Now
CCC-GARY-04;I;2h;A Darkness in the Mountains
CCC-GARY-05;I;2h;The Shadows of the Trees
CCC-GARY-06;I;2h;The Death Beneath the Roots
CCC-GARY-07;II;2h;The Mirror Cities of Gulthias
CCC-GARY-08;II;2h;That Which Lies Buried
CCC-GARY-09;II;2h;The Witch Maiden
CCC-GEL-01;I;2h;Bedlam at the Benefit
CCC-GHC-01;II;2h;Tharaera Lost
CCC-GHC-02;II;2h;Skulljaw Hill
CCC-GHC-03;II;2h;Facing the Dark
CCC-GHC-04;II;2h;Shade of the Dark
CCC-GHC-05;II;2h;Trail of Treachery
CCC-GHC-06;II;2h;What You Wish For
CCC-GHC-07;III;2h;The River Runs Red
CCC-GHC-08;III;2h;Death in the Ruins
CCC-GHC-09;III;2h;Swamp of Death
CCC-GHCBK1-01;I;2h;Into the Border Kingdoms
CCC-GHCBK1-02;II;4h;The Tithes That Bind
CCC-GHCBK1-03;II;4h;The Darkest Knight
CCC-GHCBK1-04;II;4h;I am the Fire
CCC-GHCBK1-05;II;4h;For the Glory of Bloutar!
CCC-GHCBK1-06;I;2-4h;Legacy and Virtue
CCC-GHCBK1-07;I;2-4h;The Peculiar Case of the Selptan Felines
CCC-GHCBK1-08;I;2h;The Hunt for Cutter Jack
CCC-GHCBK1-09;I;2-4h;Scavengers
CCC-GHCBK1-10;III;4h;The Heart of Shadow
CCC-GLIP-0101;I;2h;Glip Dak
CCC-GLIP-0102;I;2h;Beneath Glip Dak
CCC-GLIP-0103;I;4h;Citadel of Vlaakith
CCC-GLIP-0201;II;2h;Blue Scales
CCC-GOC-0101;I;2h;Tree Rot
CCC-GOC-0102;II;2h;Cairns of Rot
CCC-GOC-0103;II;3-4h;Winds of Rot
CCC-GSP-0101;I;4h;A Dragon's Breath
CCC-HAL-01;I;4h;Fate of the Nightworms
CCC-HAL-02;II;4h;Six Striking Swords
CCC-HAL-03;II;4h;Six Swords Unbound
CCC-HATMS01-01;II;4h;Threatening Tides
CCC-HATMS01-02;II;4h;Prophecy’s Promise
CCC-HATMS01-03;II;4h;Destiny Defied
CCC-HATMS02-01;II;4h;Illithid Activities
CCC-HATMS02-02;III;4h;Something Vile This Way Comes
CCC-HATMS02-03;III;4h;A Vile Wake
CCC-IFK-01;II;2h;Shadow of Greed
CCC-IFK-02;II;2h;Shadow of the Weave
CCC-IFK-03;II;4h;Shadow of the Dusk Queen
CCC-JGD-01;III;2-4h;Left Black & Blue  
CCC-KUMORI-0101;I;2h;Wreckers
CCC-KUMORI-02-02;I;2h;School Magic
CCC-KUMORI-0204;I;2h;To Be the Very Best
CCC-LINKS-01;II;4h;Champion of the People
CCC-LINKS-02;III;4h;The Secrets We Keep
CCC-MACE-01;I;4h;The Blight of Geoffrey
CCC-MACE-02;I;4h;A Panther’s Peril
CCC-MACE-03;I;4h;Haunted Memories
CCC-MCX-01;I;2h;All in a Day’s Work
CCC-MCX01-02;I;2h;The Rescue
CCC-MIND-01;III;4h;Lost in Thought
CCC-MIND-02;III;4h;Mind Trip
CCC-MIND-03;III;4h;Dream Walkers
CCC-MMT01-01;I;2-4h;Secrets of Imaginary Friends
CCC-MMT02-01;II;2-4h;The Stuff of Memories
CCC-MYR-01;II;4h;Friends in Need
CCC-NBDD01-01;II;2h;Clever
CCC-NUKE-0101;I;4h;The Blighted Sun
CCC-NUKE-0102;I;4h;Hide and Seek
CCC-OCC-01;III;4-6h;Red War: Housekeeping
CCC-OCC-02;I;2-4h;Feast of the Moon
CCC-ODFC-0101;I;4h;Hammer and Anvil
CCC-ODFC-0102;II;4h;Black Blades, Black Wings
CCC-ODFC-0103;III;4h;Elder’s Eyes Upon You
CCC-ODFC-0201;I;4h;Serenade of Pain
CCC-ODFC-0202;II;4h;Palace of the Efreeti
CCC-ODFC-0203;III;4h;Night’s Bright Dawning
CCC-OHAYOCON-01-03;II;2-4h;Fiendly Competition
CCC-PDXAGE-0101;I;2h;The White Well
CCC-PDXAGE-0201;II;2h;The Dark Hunt
CCC-PHA-01;II;4h;Six Summoned Swords
CCC-PPTDD01-01;I;2h;Trouble Under Winton
CCC-PRETZ-PLA01;I;2-4h;The Mystery at Coppertop Manor
CCC-PRETZ-PLA02;I;2-4h;A Mine of Their Own
CCC-PRIORY-01;I;2h;Maritime Mayhem
CCC-PRIORY-02;I;2h;Prison Pitfalls
CCC-PRIORY-03;I;2h;Truths in Time
CCC-QCC-2017;III;4h;Delusions of Grandeur, Dreams of Revenge
CCC-QCC2018-01;III;2h;Of Gods and Monsters
CCC-QCC2018-02;II;2h;Heart and Soul
CCC-REAP-01;II;4h;Red War: Lost Ashes of a Wayward Gnome
CCC-ROZK-0101;III;4h;Binder’s Torment
CCC-ROZK-0102;III;4h;Zhentarim’s Lament
CCC-ROZK-0103;III;4h;Necromancer’s Ascent
CCC-RPR-01;I;4h;Eyes of Blood
CCC-RPSG-01;I;4h;Ooze There
CCC-SAC-01;III;4h;A Light in the Dark
CCC-SAC-02;III;4h;Fun with Fey
CCC-SALT-01-01;I;2h;Rumors of Riches
CCC-SALT-01-02;I;2h;Moor Trouble
CCC-SALT-01-03;I;4h;Broken Halls of Goldahroud
CCC-SALT-02-01;I;4h;Mulmaster’s Meddlings
CCC-SALT-02-02;II;4h;Tower in the Valley
CCC-SALT-0205;II;4h;The Darkness Never Forgets
CCC-SCAR01-01;I;4h;Corrupted Artery
CCC-SCAR01-02;I;4h;Glister by Light
CCC-SCAR02-01;I;4h;Glister By Dark
CCC-SFBAY-0101;II;8 h;Plots in Motion
CCC-SFBAY-0201;II;4h;Old Enemies Arise
CCC-SFBAY-0202;II;4h;Rise of the Ogre King
CCC-SFBAY-0203;II;4h;The Risen Minotaur Lord
CCC-SFBAY-0401;I;4h;The Cornflower Hive
CCC-SFBAY-0402;II;2h;Under Earth & Stone
CCC-SFBAY-0403;I;2h;The Ashen Scar
CCC-SHINY-02;I;2h;An Open Secret
CCC-SHINY-04;II;4h;Elusion of Grand Yore
CCC-SKULL01-01;II;4h;A Murder Most Foul
CCC-SKULL01-02;II;4h;Not All Who Are Lost Should Be Found
CCC-SKULL01-03;II;4h;Who Pulls the Strings
CCC-SQC-001;II;4h;The Woodland Sage
CCC-SQC-0201;II;4h;None the Wiser
CCC-SQC-0202;II;4h;Last Gasp
CCC-SRCC-0101;I;2h;Trouble in the Old City
CCC-SRCC-0102;I;2h;Down the River of Snakes
CCC-SRCC-0103;I;2h;Altar of the Smoldering Eye
CCC-ST2-1;II;4h;Red War: Embassy of Evil
CCC-STORM-01;II;4h;The Barrows of Solina
CCC-STORM-02;II;2-4h;Swamp of Sorrow: Bloodpurge Village
CCC-SVH01-01;III;4h;Dawn of the Raven Lord
CCC-SVH01-02;III;4h;Raven Lord’s Aerie
CCC-SVH01-03;III;4h;Vault of the Raven Lord
CCC-TAROT-0101;I;2h;Awakening of Fates
CCC-TAROT-0102;I;2h;By the Light of the Moon
CCC-TAROT-0103;I;2h;A Martyred Heart
CCC-TAROT-0104;I;2h;Tangled Woods
CCC-TAROT-0105;I;2h;The Lost Apprentice
CCC-TAROT-0106;I;2h;Lies in the Moonlight
CCC-TAROT-0107;I;4h;The Seat of the Ruler
CCC-TAROT-02-01;II;4h;A Sunk Cost
CCC-THENT-0101;I;2h;Beneath the Surface
CCC-THENT-0102;I;2h;Those That Dwell Beneath
CCC-THENT-0103;I;4h;The Dreaming Relic
CCC-TRI-01;III;4h;Into the Darkness
CCC-TRI-02;III;4h;Impression Left Behind
CCC-TRI-03;II;2h;Fences and Swords
CCC-TRI-04;II;2h;Birds of a Feather
CCC-TRI-05;II;4h;Hunt of Malar
CCC-TRI-06;II;4h;Haggard Heroes
CCC-TRI-07;II;4h;Beneath the Moonsea
CCC-TRI-08;II;4h;Dreadful Wail
CCC-TRI-09;I;4h;Tinhammer Falls
CCC-TRI-10;III;4h;Contact
CCC-TRI-11;I;4h;Flooded Dreams
CCC-TRI-12;I;4h;Ill Met in Ylraphon
CCC-TRI-13;I;4h;What Lies beneath Ylraphon
CCC-TRI-14;III;4h;The Voice in the Night
CCC-TRI-15;III;4h;The Dark of the Hive
CCC-TRI-16;I;4h;Ph'theev, the Despondent
CCC-TRI-17;I;4h;Ph'teev, Unbound!
CCC-TRI-18;I;4h;Pros & Cons
CCC-TRI-19;I;4h;Dead Men’s Tales
CCC-TRI-22;III;4h;On the Baron's Trail
CCC-TRI-23;III;4h;Sub Rosa
CCC-TRI-24;III;4h;Knight Errand
CCC-TRI-25;II;4h;Dead Men’s Treasure
CCC-TRI-29;III;4h;Tidefall
CCC-TRI-30;I;5 h;Remnants of a Dream
CCC-TRI-31;III;4h;Out of Time
CCC-TRI-32;I;2h;Casks and Caskets
CCC-TRI-33;I;2h;Matters of Life and Death
CCC-UCON-01;III;4h;Blood & Fog
CCC-UK-1;I;4h;Call of the Elvenflow
CCC-UK-2;I;4h;The Wayward Wives
CCC-WWC-01;I;2h;In the Face of Fear
CCC-WWC-02;I;2h;Dark Waters of Hate
CCC-WWC-03;I;2h;Tyrant of the Forgotten Forge
CCC-WWC-04;I;4h;The Black Hand
CCC-WWC-05;II;2h;Tyrant of Orcs
CCC-WWC-06;II;4h;The Fear of Fiends
CCC-WWC-07;II;2h;The Icy Hand of Hate
CCC-WWC-08;II;2h;Pool of Anihilation
CCC-WYC1-1;II;4h;Back to the Burning
CCC-WYC1-2;II;4h;Where Rock and Fire Meet
CCC-WYC1-3;II;4h;The Dawn Heresy
CCC-YLRA01-01;II;4h;Her Dying Wish
CCC-YLRA01-02;II;4h;Uneasy Lies the Head
CCC-YLRA01-03;II;4h;Bound by Duty
GCC-JOYCE-01;II;2h;Weekend at Strahd’s
KCC-KWIEK-01;II;2h;Mountain Brew
DDIA-VRGTR;I;8h;House of Lament
